,Day,Flux
0,19.809700000099838,1.6883
1,23.809700000099838,0.9840899999999999
2,34.80970000009984,0.58057
